"","code","canton","departement","cereales","racines_et_legumes_divers","cultures_diverses","prairies_artificielles","jacheres","total_des_terres_labourables","prairies_naturelles","vignes","autres_cultures_arborescentes","paturages","autres_surfaces_ecoumene","superficie_totale","marais_susceptibles_d_etre_desseches","code_dep","geometry"
"1",895,"TONNERRE","YONNE",47563,2998,816,9375,18832,79584,2560,5962,363,2543,30221,121233,100,"89",c(773089.435932853, 6749330.5744235)
"2",894,"SENS","YONNE",42853,2300,1139,16807,19234,82333,4224,4837,212,2160,28442,122208,27,"89",c(722581.322807988, 6788326.22259092)
"3",893,"JOIGNY","YONNE",50004,6690,2980,22188,34028,115890,8390,7362,139,2429,62486,196696,57,"89",c(730512.4757142, 6767736.1900785)
"4",892,"AVALLON","YONNE",33763,1738,989,4532,16378,57400,7329,3372,308,2140,29387,99936,0,"89",c(769261.168016061, 6709341.07885781)
"5",891,"AUXERRE","YONNE",63562,4339,1720,21829,35096,126546,9071,16199,597,5431,44888,202732,279,"89",c(743581.205631665, 6743883.4947013)
"6",885,"SAINT DIE","VOSGES",18102,9818,1281,1030,9450,39681,23746,41,78,11035,63521,138102,125,"88",c(991970.057453114, 6806946.70631682)
"7",884,"Remiremont","VOSGES",8523,4988,423,373,5298,19605,23019,0,58,11143,33728,87553,211,"88",c(966959.331460843, 6773089.271003)
"8",883,"NEUFCHATEAU","VOSGES",39874,3440,1159,3957,16357,64787,10457,2208,435,2688,42235,122810,26,"88",c(899214.891042729, 6809670.17854386)
"9",882,"MIRECOURT","VOSGES",38441,3343,1133,5470,16333,64720,11016,2313,839,1162,32433,112483,67,"88",c(931242.094069843, 6803830.59200954)
"10",881,"EPINAL","VOSGES",38372,8784,1473,4880,14231,67740,16938,460,757,3530,57623,147048,19,"88",c(959149.140570838, 6790537.8274482)
"11",874,"SAINT YRIEIX","HAUTE VIENNE",19944,2388,1008,270,9271,32881,23164,5,14161,7054,13468,90733,0,"87",c(559711.379538679, 6493587.83973427)
"12",873,"ROCHECHOUART","HAUTE VIENNE",23452,4180,1548,84,7285,36549,20737,880,9769,3328,8582,79845,0,"87",c(532921.875395801, 6527739.32647316)
"13",872,"LIMOGES","HAUTE VIENNE",45612,3152,2181,541,24281,75767,47000,730,26974,33717,15967,200155,2824,"87",c(562358.969500704, 6530106.55424853)
"14",871,"BELLAC","HAUTE VIENNE",35289,5203,1951,625,41948,85016,51741,1522,5873,20651,16121,180924,2500,"87",c(548025.400775433, 6557616.7408435)
"15",865,"POITIERS","VIENNE",62235,3770,3057,19619,31330,120011,10521,12508,19,13850,34214,191123,427,"86",c(498770.907692719, 6612744.93772505)
"16",864,"MONTMORILLON","VIENNE",46541,2487,1972,6256,43613,100869,18765,5661,36,38899,23700,187930,4,"86",c(538292.876739002, 6594282.87067141)
"17",863,"LOUDUN","VIENNE",39897,2111,812,7825,14762,65407,4227,5122,0,2490,12672,89918,79,"86",c(480100.41623663, 6660851.08410547)
"18",862,"CIVRAY","VIENNE",35579,2252,1828,8651,19803,68113,8714,3015,770,20832,14144,115588,10,"86",c(491575.222647949, 6563885.30273826)
"19",861,"CHATELLERAULT","VIENNE",35489,3497,1286,9733,16896,66901,4058,5304,13,11585,24617,112478,0,"86",c(513857.04365229, 6637828.51861742)
"20",853,"LES SABLES D'OLONNE","VENDEE",56399,17888,2705,8286,47686,132964,44157,4645,295,23630,17246,222937,5422,"85",c(335263.313023611, 6613942.57723396)
"21",852,"FONTENAY LE COMTE","VENDEE",63760,7797,6200,12393,41786,131936,46794,5650,524,4290,21301,210495,4477,"85",c(409337.023806331, 6602387.91097304)
"22",851,"La Roche-sur-Yon","VENDEE",63814,21278,4430,10346,59385,159253,28990,5200,769,19520,23186,236918,5,"85",c(362529.148958942, 6627863.87731624)
"23",844,"ORANGE","VAUCLUSE",22074,2580,2993,3348,13241,44236,1462,9931,743,17097,24263,97732,27,"84",c(844286.551352759, 6338024.68553901)
"24",843,"CARPENTRAS","VAUCLUSE",21425,6065,392,2699,14687,45268,1715,4839,690,19007,13418,84937,17,"84",c(864895.565217985, 6331471.3521631)
"25",842,"AVIGNON","VAUCLUSE",12475,1490,5731,2830,3958,26484,1288,5145,875,7504,8436,49732,0,"84",c(847179.449185571, 6317552.71080332)
"26",841,"APT","VAUCLUSE",20018,4430,931,3729,15884,44992,1218,9055,1317,25112,40676,122370,0,"84",c(891371.121571037, 6312051.84746213)
"27",834,"TOULON","VAR",11107,908,811,1361,5455,19642,598,26841,7169,14000,60820,129070,115,"83",c(938787.641720935, 6230785.32240893)
"28",833,"GRASSE","VAR",15035,1514,151,815,8307,25822,1360,11390,8856,41281,31149,119858,0,"06",c(1017546.12249681, 6292024.47154781)
"29",832,"DRAGUIGNAN","VAR",35318,2923,233,1637,18832,58943,3932,23512,22360,59700,107837,276284,36,"83",c(980102.14189393, 6276760.89854414)
"30",831,"BRIGNOLES","VAR",34220,2809,136,1643,9765,48573,1147,23457,10680,11462,102080,197399,26,"83",c(949293.445241194, 6259153.16285803)
"31",823,"MONTAUBAN","TARN ET GARONNE",52476,5655,1521,8726,25053,93431,7146,14008,882,10070,34391,159928,20,"82",c(568890.102506194, 6326102.02418405)
"32",822,"MOISSAC","TARN ET GARONNE",35477,3176,837,6321,13489,59300,4206,8853,5,4479,13749,90592,0,"82",c(547964.808379779, 6337706.29483899)
"33",821,"CASTELSARRASIN","TARN ET GARONNE",41727,3373,1393,5185,25454,77132,7401,15106,3,3297,18557,121496,0,"82",c(549456.501708359, 6330079.8294976)
"34",814,"LAVAUR","TARN",36198,1413,724,5048,14407,57790,3608,7020,6,1139,11543,81106,0,"81",c(604339.963262622, 6288770.4192179)
"35",813,"GAILLAC","TARN",38707,6182,1366,5322,18724,70301,5164,16635,547,5211,29342,127200,0,"81",c(610820.387465407, 6313170.83639975)
"36",812,"CASTRES","TARN",56171,7225,1728,5031,49416,119571,21803,5207,817,32575,43031,223004,314,"81",c(639018.118890513, 6279641.47163581)
"37",811,"ALBI","TARN",34886,4896,1408,4842,31188,77220,11857,8718,8158,13097,23856,142906,0,"81",c(630319.796800163, 6314826.86152226)
"38",805,"PERONNE","SOMME",53441,7023,12493,15542,12188,100687,2289,0,697,1240,15435,120348,660,"80",c(694681.863977242, 6980841.51561983)
"39",804,"MONTDIDIER","SOMME",46275,4045,3661,12830,8699,75510,1867,0,701,994,12423,91495,66,"80",c(668653.95934341, 6949904.78131978)
"40",803,"DOULLENS","SOMME",28705,2257,8787,7161,8305,55215,485,0,1388,925,7845,65858,210,"80",c(653608.126035243, 7006114.05297829)
"41",802,"AMIENS","SOMME",86023,8242,7172,18313,27367,147117,5093,0,1824,2666,23250,179950,274,"80",c(648566.71159599, 6978010.66765444)
"42",801,"ABBEVILLE","SOMME",65900,12156,9102,13348,21235,121741,4325,0,4837,5260,22306,158469,2235,"80",c(616358.425471388, 7001932.29071531)
"43",794,"PARTHENAY","DEUX SEVRES",45810,9298,3116,5954,43307,107485,18736,2352,14,8328,21115,158030,103,"79",c(452641.234370864, 6621259.83305636)
"44",793,"NIORT","DEUX SEVRES",52326,2497,3449,7996,29287,95555,19735,9702,1027,1223,14151,141393,2423,"79",c(433798.808485631, 6586667.42085462)
"45",792,"MELLE","DEUX SEVRES",51605,3432,3011,12268,29363,99679,11168,3804,482,1075,21085,137293,454,"79",c(457661.198745603, 6572419.80372883)
"46",791,"BRESSUIRE","DEUX SEVRES",54624,9552,2595,6492,33756,107019,23488,5802,72,10490,16401,163272,0,"79",c(435503.83206881, 6646399.34715542)
"47",786,"VERSAILLES","SEINE ET OISE",22296,6773,7686,6440,1476,44671,4178,7695,873,807,26544,84768,0,"78",c(635301.040195475, 6856341.34204464)
"48",785,"RAMBOUILLET","SEINE ET OISE",50617,2995,3313,13506,11669,82100,5351,1453,229,2546,40880,132559,125,"78",c(614109.011966181, 6839926.17100074)
"49",784,"PONTOISE","SEINE ET OISE",48744,6952,5222,11157,8225,80300,3207,2878,982,720,23232,111319,1030,"95",c(634179.428981827, 6883589.13815575)
"50",783,"MANTES","SEINE ET OISE",34189,4211,1966,11727,9847,61940,2405,2349,230,2069,18702,87695,84,"78",c(605589.4897609, 6875799.75560306)
"51",782,"ETAMPES","SEINE ET OISE",35845,3682,810,9753,9926,60016,2263,1901,458,1560,13821,80019,0,"91",c(637291.81689345, 6813938.28297501)
"52",781,"Corbeil-Essonnes","SEINE ET OISE",24244,3746,5617,6112,3246,42965,2370,4128,232,510,13799,64004,0,"91",c(660520.523417954, 6833144.53005241)
"53",775,"PROVINS","SEINE ET MARNE",47844,2005,1779,17638,21292,90558,9100,2721,102,1667,18295,122443,648,"77",c(720992.435284753, 6829224.30069284)
"54",774,"MELUN","SEINE ET MARNE",36125,2449,5954,12290,14492,71310,3801,4274,236,2418,26484,108523,87,"77",c(674548.130519561, 6826929.79572627)
"55",773,"MEAUX","SEINE ET MARNE",52018,4580,3887,18901,12624,92010,7538,4645,1349,361,19768,125671,6,"77",c(692933.120486861, 6873042.45853597)
"56",772,"FONTAINEBLEAU","SEINE ET MARNE",42319,3548,1216,13341,22205,82629,3642,7325,61,2620,26304,122581,420,"77",c(676451.153684048, 6813749.22075979)
"57",771,"COULOMMIERS","SEINE ET MARNE",33242,2333,1520,11954,15406,64455,6600,2198,539,248,20376,94416,40,"77",c(706741.783748787, 6856618.15196786)
"58",765,"YVETOT","SEINE INFERIEURE",45440,9055,7502,13748,4097,79842,5786,0,9344,2007,18619,115598,0,"76",c(538682.429069974, 6948848.78975873)
"59",764,"ROUEN","SEINE INFERIEURE",42811,8230,4834,12522,2443,70840,10827,0,9794,3394,33540,128395,0,"76",c(561529.518802159, 6928536.92850504)
"60",763,"NEUFCHATEL","SEINE INFERIEURE",49177,3458,984,16756,13431,83806,13212,0,9024,3330,45174,154546,85,"76",c(588124.767288704, 6961434.63935385)
"61",762,"LE HAVRE","SEINE INFERIEURE",38350,3455,6087,12980,6949,67821,2387,0,4813,1081,11700,87802,58,"76",c(492134.212522113, 6936714.56602945)
"62",761,"DIEPPE","SEINE INFERIEURE",47485,7603,6349,13547,6446,81430,7751,0,9299,3673,15056,117209,41,"76",c(562285.50178378, 6981808.75074947)
"63",753,"SCEAUX","SEINE",7749,3026,2703,1966,160,15604,786,1463,135,222,5707,23917,0,"92",c(648287.714058889, 6853108.71982734)
"64",752,"SAINT DENIS","SEINE",5086,4759,1363,881,0,12089,365,1288,0,0,6467,20209,0,"93",c(653522.241084969, 6869833.10473623)
"65",751,"PARIS","SEINE",0,0,302,0,0,302,0,0,0,0,3122,3424,0,"75",c(652089.607145438, 6862294.14214221)
"66",724,"SAINT CALAIS","SARTHE",38682,3596,2078,11314,23427,79097,7509,2700,86,2362,18185,109939,0,"72",c(531391.264182014, 6761478.67930344)
"67",723,"LE MANS","SARTHE",63626,12042,8441,18110,22440,124659,18960,2138,538,8408,34180,188883,162,"72",c(490829.005460595, 6768327.06629181)
"68",722,"MAMERS","SARTHE",56012,2875,5678,25736,24664,114965,19664,342,208,1797,24670,161646,0,"72",c(505259.069943109, 6809363.735872)
"69",721,"LA FLECHE","SARTHE",50252,11594,4223,9786,26838,102693,15990,4410,531,8466,28109,160199,850,"72",c(470475.052624282, 6736716.53371461)
"70",715,"MACON","SAONE ET LOIRE",32914,5789,3116,3146,5546,50511,18400,15855,170,6005,28753,119694,15,"71",c(839107.168180803, 6582325.00667583)
"71",714,"LOUHANS","SAONE ET LOIRE",46625,2644,5115,1224,13483,69091,21002,374,212,394,31802,122875,605,"71",c(871522.168809966, 6617361.68958685)
"72",713,"CHAROLLES","SAONE ET LOIRE",80609,10293,3754,4753,42165,141574,41767,3748,262,5799,56469,249619,1030,"71",c(797755.958018344, 6595324.46546171)
"73",712,"CHALON /SAONE","SAONE ET LOIRE",47020,7586,4561,4893,21770,85830,20377,11700,41,5450,48681,172079,107,"71",c(841178.232913854, 6633817.33148878)
"74",711,"AUTUN","SAONE ET LOIRE",65496,7212,1862,3863,41096,119529,23426,3951,550,2330,41121,190907,78,"71",c(799179.288863356, 6649530.09955089)
"75",703,"VESOUL","HAUTE SAONE",67884,4345,2949,8137,17998,101313,18278,5208,742,9715,54753,190009,418,"70",c(936665.362155869, 6730493.17973238)
"76",702,"LURE","HAUTE SAONE",42012,8962,2130,4686,11023,68813,28500,2000,797,6576,78231,184917,0,"70",c(962008.020204684, 6737053.4440287)
"77",701,"GRAY","HAUTE SAONE",57697,3357,2075,6432,17687,87248,13852,6521,350,4417,46677,159065,314,"70",c(897105.794653096, 6706669.93300062)
"78",692,"VILLEFRANCHE","RHONE",40944,2549,2771,4521,25921,76706,19144,17000,1209,11264,24476,149799,34,"69",c(833609.155845472, 6544124.03976809)
"79",691,"LYON","RHONE",46912,9395,3781,6413,3794,70295,17513,14896,2923,3865,19748,129240,45,"69",c(842635.520510214, 6519257.15789131)
"80",683,"COLMAR","HAUT RHIN",35826,11971,2402,7517,6035,63751,19009,9349,511,13030,63803,169453,290,"68",c(1026725.58497415, 6788103.88440238)
"81",682,"BELFORT","HAUT RHIN",19543,7385,1150,2709,5233,36020,25480,685,952,11662,51258,126057,327,"90",c(988260.86528351, 6734280.74368935)
"82",681,"MULHOUSE","HAUT RHIN",38645,6365,2475,4719,6139,58343,14076,1527,1325,1447,38544,115262,101,"68",c(1023944.67406357, 6748020.38105608)
"83",674,"WISSEMBOURG","BAS RHIN",18961,8287,2936,4162,409,34755,10623,937,1081,1070,31953,80419,0,"67",c(1062776.72587171, 6891237.24094706)
"84",673,"STRASBOURG","BAS RHIN",34611,17648,7844,5777,2530,68410,15933,3264,1210,5536,50123,144476,0,"67",c(1051127.89320788, 6840466.91178037)
"85",672,"SELESTAT","BAS RHIN",22962,10006,3753,3331,2228,42280,17344,5699,831,6608,43665,116427,0,"67",c(1030786.40232723, 6803826.09924484)
"86",671,"SAVERNE","BAS RHIN",30208,9608,2859,5194,2786,50655,14767,2154,1945,1183,43318,114022,0,"67",c(1019975.9998145, 6858132.62337185)
"87",663,"PRADES","PYRENEES ORIENTALES",12879,3662,455,798,11753,29547,6045,7543,646,98153,40804,182738,0,"66",c(652970.819955215, 6168059.55060647)
"88",662,"PERPIGNAN","PYRENEES ORIENTALES",20082,3227,991,5713,15445,45458,1900,27935,3374,43899,14507,137073,1034,"66",c(692165.39865446, 6177715.17114484)
"89",661,"CERET","PYRENEES ORIENTALES",11593,3727,421,1237,3200,20178,1988,11417,4519,32227,22071,92400,0,"66",c(679946.322236888, 6152602.36697293)
"90",653,"TARBES","HAUTES PYRENEES",34841,2067,2243,1606,16626,57383,16556,13650,4641,15171,23306,130707,208,"65",c(461529.177920052, 6242154.56180755)
"91",652,"BAGNERES","HAUTES PYRENEES",23616,2988,1647,1771,3474,33496,18305,1659,3009,75919,58694,191082,4,"65",c(465676.719580185, 6211951.39828923)
"92",651,"ARGELES","HAUTES PYRENEES",7360,679,412,292,263,9006,12638,110,506,78876,30019,131155,16,"65",c(447370.379665284, 6216927.37646206)
"93",645,"PAU","BASSES PYRENEES",37143,1368,2359,2280,7534,50684,16008,9133,6203,47200,31477,160705,557,"64",c(428720.648730699, 6252715.85740906)
"94",644,"ORTHEZ","BASSES PYRENEES",36012,154,2097,535,1930,40728,10552,5568,867,34588,25882,118185,32,"64",c(394434.100877162, 6273467.86951376)
"95",643,"OLORON","BASSES PYRENEES",17429,443,1079,258,500,19709,18311,3909,1122,94679,48661,186391,76,"64",c(407516.775153357, 6236511.48978639)
"96",642,"MAULEON","BASSES PYRENEES",19765,640,621,78,850,21954,17897,3991,3160,88544,57990,193536,0,"64",c(384293.35421683, 6242743.09388152)
"97",641,"BAYONNE","BASSES PYRENEES",19226,835,1039,525,1017,22642,8125,2401,2521,42500,25260,103449,30,"64",c(339147.016280777, 6275230.64273316)
"98",635,"THIERS","PUY DE DOME",21275,3491,1266,1985,20631,48648,8861,2169,856,10517,15147,86198,510,"63",c(741739.001051414, 6529657.56759548)
"99",634,"RIOM","PUY DE DOME",70508,9646,2337,5118,50968,138577,17949,3940,740,36386,32256,229848,304,"63",c(709878.903297963, 6532677.1753617)
"100",633,"ISSOIRE","PUY DE DOME",43658,4937,1343,3667,30360,83965,23604,8355,1540,42049,23351,182864,268,"63",c(719071.473208083, 6493886.30071737)
"101",632,"CLERMONT-FERRAND","PUY DE DOME",52662,8261,2901,8039,17759,89622,17621,14065,1946,34342,20035,177631,834,"63",c(708755.942390527, 6520826.36809208)
"102",631,"AMBERT","PUY DE DOME",30917,2382,630,540,18724,53193,16773,0,0,22612,25932,118510,0,"63",c(758953.708509456, 6494960.64641647)
"103",626,"SAINT POL","PAS DE CALAIS",48811,13210,7007,10735,13742,93505,3177,0,1848,524,14769,113823,61,"62",c(653831.166340387, 7032408.11731386)
"104",625,"SAINT OMER","PAS DE CALAIS",45050,14998,3096,7305,11812,82261,9050,0,118,2668,14196,108293,630,"62",c(648036.630311487, 7074766.94911791)
"105",624,"MONTREUIL","PAS DE CALAIS",41283,10888,2435,9153,13261,77020,8754,0,4388,2662,19681,112505,464,"62",c(613040.504152173, 7041558.67351147)
"106",623,"BOULOGNE","PAS DE CALAIS",29860,9650,2102,9567,7002,58181,14047,0,1675,6013,14244,94160,673,"62",c(601418.19811661, 7071271.50702442)
"107",622,"BETHUNE","PAS DE CALAIS",40203,12325,12199,7805,8558,81090,2941,0,325,1021,8568,93945,3191,"62",c(674704.446249968, 7048128.07861673)
"108",621,"ARRAS","PAS DE CALAIS",60486,10723,32924,16742,4390,125265,1870,0,741,405,9557,137838,281,"62",c(683438.600291242, 7021294.00232959)
"109",614,"MORTAGNE","ORNE",63322,1078,2415,24733,31389,122937,28500,0,655,4000,39964,196056,2571,"61",c(522527.790790095, 6829565.54961405)
"110",613,"DOMFRONT","ORNE",46181,620,2695,10973,14998,75467,18321,0,1997,4025,23554,123364,0,"61",c(430496.232976272, 6838060.33617555)
"111",612,"ARGENTAN","ORNE",59302,1848,1925,13260,20464,96799,55617,0,2398,4073,28096,186983,832,"61",c(478425.871609358, 6851580.2713368)
"112",611,"ALENCON","ORNE",34370,489,1119,5262,12704,53944,27015,0,138,2050,20178,103325,25,"61",c(484957.420307186, 6818484.09919856)
"113",604,"SENLIS","OISE",51441,4805,3265,17981,14235,91727,4166,373,674,2687,33147,132774,574,"60",c(670211.648342901, 6901843.13463014)
"114",603,"COMPIEGNE","OISE",45710,8519,5161,9905,7662,76957,7505,1017,525,1057,41783,128844,624,"60",c(689450.138872403, 6922355.85292454)
"115",602,"CLERMONT","OISE",60029,5977,3665,19255,13902,102828,3355,303,1300,2079,20126,129991,0,"60",c(657136.100357092, 6920014.23532247)
"116",601,"BEAUVAIS","OISE",79698,3734,3486,27556,23385,137859,13590,592,1248,4044,36565,193898,2083,"60",c(633815.526107145, 6927390.16424066)
"117",597,"VALENCIENNES","NORD",24265,10077,4007,5089,1653,45091,6373,0,190,512,10812,62978,671,"59",c(736637.592879985, 7029486.33755545)
"118",596,"LILLE","NORD",33586,13712,11129,6294,3570,68291,6124,0,1398,238,11388,87439,456,"59",c(703323.91871571, 7059347.81839542)
"119",595,"HAZEBROUCK","NORD",21503,12205,3645,3321,1926,42600,18013,0,0,77,8630,69320,0,"59",c(667155.890934805, 7069951.90972965)
"120",594,"DUNKERQUE","NORD",25394,10709,4742,3710,1852,46407,14200,0,0,3136,8417,72160,207,"59",c(653802.146156802, 7102540.99762436)
"121",593,"DOUAI","NORD",20485,7757,5404,3840,1209,38695,1972,0,428,139,5972,47206,283,"59",c(707151.376341861, 7031209.48866084)
"122",592,"CAMBRAI","NORD",44628,6901,11988,11367,1200,76084,3714,0,0,218,9244,89260,258,"59",c(717257.711636937, 7008255.02068137)
"123",591,"AVESNES","NORD",35290,5352,2658,13341,8017,64658,37000,0,286,233,37546,139723,172,"59",c(726602.272738449, 7016510.0032684)
"124",584,"NEVERS","NIEVRE",50302,5533,2362,13271,31900,103368,33046,2871,163,5177,82419,227044,358,"58",c(712145.960394584, 6653899.3294849)
"125",583,"COSNE","NIEVRE",40768,1469,1210,10989,15204,69640,11500,3519,140,2571,52806,140176,395,"58",c(695619.021256918, 6701518.60973156)
"126",582,"CLAMECY","NIEVRE",42610,1455,1998,6849,17544,70456,17049,3212,121,2720,53307,146865,33,"58",c(739086.675879835, 6706622.14958309)
"127",581,"CHATEAU CHINON","NIEVRE",36420,4191,1368,2893,36945,81817,28000,254,471,871,56158,167571,976,"58",c(770283.505837593, 6663273.67006735)
"128",574,"THIONVILLE","MOSELLE",37624,5863,2374,8514,8227,62602,7430,1107,1345,931,32687,106102,3,"57",c(928366.929123325, 6923689.46655479)
"129",573,"SARREGUEMINES","MOSELLE",44309,8823,3040,6067,13065,75304,16586,84,707,1133,56068,149882,169,"57",c(997135.614702511, 6897236.62252401)
"130",572,"METZ","MOSELLE",60904,10317,6833,10927,13206,102187,13816,4001,1384,1434,39231,162053,40,"57",c(933336.176879864, 6894165.13846358)
"131",571,"VAL DE BRIEY","MOSELLE",47914,5236,1975,9810,12423,77358,7626,273,381,1006,32208,118852,23,"54",c(915034.91740411, 6911429.23065394)
"132",564,"VANNES","MORBIHAN",55750,1632,2099,570,6293,66344,20081,1693,1169,85639,23505,198431,678,"56",c(268891.43935329, 6744289.8340608)
"133",563,"PONTIVY","MORBIHAN",54598,666,1414,176,15722,72576,15281,0,1446,67079,17648,174030,570,"56",c(255762.692488442, 6790791.80309729)
"134",562,"PLOERMEL","MORBIHAN",55850,731,1338,118,6000,64037,14320,0,1711,61655,18225,159948,130,"56",c(298673.027226358, 6771036.79347528)
"135",561,"LORIENT","MORBIHAN",48668,4224,2119,238,2465,57714,13755,0,1720,60000,14183,147372,990,"56",c(222429.983194236, 6758083.32812271)
"136",554,"VERDUN","MEUSE",53082,4145,2671,7055,16046,82999,13038,2208,1242,1353,48158,148998,23,"55",c(872246.778861019, 6896377.20795624)
"137",553,"MONTMEDY","MEUSE",58039,3261,2003,6764,13066,83133,14347,1695,637,1425,33841,135078,0,"55",c(871457.253139475, 6937800.38243399)
"138",552,"COMMERCY","MEUSE",64469,5796,4150,5436,23941,103792,14540,3264,603,4372,70228,196799,148,"55",c(888617.910128446, 6852941.01476784)
"139",551,"BAR LE DUC","MEUSE",55565,4219,2172,8591,16489,87036,6749,6011,1015,1600,39501,141912,18,"55",c(859722.69616648, 6853608.70977058)
"140",545,"TOUL","MEURTHE",36851,4610,1102,4636,11327,58526,7300,5532,355,1927,43172,116812,2,"54",c(913312.301996592, 6846052.89646477)
"141",544,"SARREBOURG","MEURTHE",24947,4452,878,4008,6892,41177,14834,45,355,795,55520,112726,72,"57",c(997562.240607415, 6855714.3807985)
"142",543,"NANCY","MEURTHE",46886,7059,3993,5815,13462,77215,15200,7344,1112,1498,42933,145302,63,"54",c(933534.292352212, 6847798.67543148)
"143",542,"LUNEVILLE","MEURTHE",39646,5293,2957,4596,14424,66916,16243,2080,0,849,39398,125486,43,"54",c(958750.434468224, 6838651.54864463)
"144",541,"CHATEAU SALINS","MEURTHE",37729,5326,3017,10218,9394,65684,13455,1336,637,184,27382,108678,1208,"57",c(956375.708876698, 6863452.88152707)
"145",533,"MAYENNE","MAYENNE",85976,1943,4161,18510,35862,146452,27208,0,817,12806,21922,209205,363,"53",c(432122.408009222, 6806828.45783651)
"146",532,"LAVAL","MAYENNE",66606,3021,3056,20269,28702,121654,27497,0,1541,9494,20877,181063,3,"53",c(419307.831491163, 6779747.22984734)
"147",531,"CHATEAU GONTIER","MAYENNE",47456,5198,3030,14025,25786,95495,18479,0,440,1659,10722,126795,4,"53",c(423150.0919228, 6753223.13488673)
"148",523,"WASSY","HAUTE MARNE",51411,1893,1876,6843,19603,81626,9559,4918,778,3545,56398,156824,88,"52",c(842878.553060581, 6824155.55011654)
"149",522,"LANGRES","HAUTE MARNE",81147,3591,2937,10030,31356,129061,16600,6776,454,7483,59912,220286,751,"52",c(874683.54127593, 6753618.45031857)
"150",521,"CHAUMONT","HAUTE MARNE",86248,3640,3653,8072,30337,131950,12900,4692,459,5675,89181,244857,104,"52",c(860525.502583703, 6779539.55687939)
"151",515,"VITRY LE FRANCOIS","MARNE",62704,2730,2897,11765,37312,117408,11601,2864,336,1310,20314,153833,400,"51",c(817287.214722368, 6848859.23168899)
"152",514,"SAINTE MENEHOULD","MARNE",55355,1618,919,8364,17620,83876,4892,342,1487,1328,21432,113357,141,"51",c(841350.557257994, 6888905.27692568)
"153",513,"REIMS","MARNE",65603,4482,1490,21448,30814,123837,6000,7263,844,2181,30292,170417,856,"51",c(776824.528226423, 6906495.12083212)
"154",512,"EPERNAY","MARNE",87470,4162,2120,20428,33629,147809,11300,6210,792,4691,44292,215094,146,"51",c(767865.380621984, 6882533.9639427)
"155",511,"Chalons-en-Champagne","MARNE",78962,3314,1610,15508,48956,148350,4906,700,176,588,10623,165343,48,"51",c(801046.109988764, 6874844.20828947)
"156",506,"VALOGNES","MANCHE",36284,3043,6441,8556,3874,58198,25316,0,3113,7137,9881,103645,3639,"50",c(375900.865403694, 6943950.78431227)
"157",505,"SAINT LO","MANCHE",53228,1374,2348,10388,6758,74096,24550,0,1126,2067,10757,112596,10,"50",c(402149.454959024, 6897975.18973463)
"158",504,"MORTAIN","MANCHE",41636,312,1786,5777,8982,58493,11707,0,2991,3708,10509,87408,40,"50",c(410685.369827716, 6841360.49585738)
"159",503,"COUTANCES","MANCHE",60503,1663,5941,20064,4046,92217,13414,0,2203,13519,10569,131922,3109,"50",c(375261.225166814, 6893068.4493721)
"160",502,"CHERBOURG","MANCHE",24531,2167,4216,7095,4602,42611,5385,0,156,6044,5744,59940,251,"50",c(365096.010744542, 6957437.4476886)
"161",501,"AVRANCHES","MANCHE",48469,497,3903,12736,5748,71353,11719,0,3302,2094,8859,97327,1037,"50",c(380313.123688853, 6850544.91445781)
"162",495,"SEGRE","MAINE ET LOIRE",48569,8388,2942,8475,16261,84635,15477,340,273,622,14891,116238,0,"49",c(411118.236755949, 6741574.56251067)
"163",494,"SAUMUR","MAINE ET LOIRE",41894,9225,5585,7801,14672,79177,13613,13086,0,5700,27278,138854,0,"49",c(466887.044808295, 6689462.46043524)
"164",493,"CHOLET","MAINE ET LOIRE",50662,21725,3080,12823,24983,113273,22000,2833,382,6985,16313,161786,120,"49",c(405865.553622946, 6666725.7805985)
"165",492,"BAUGE","MAINE ET LOIRE",48177,8630,3588,6177,20529,87101,13350,3658,91,9554,26875,140629,300,"49",c(465868.487557359, 6722331.72991493)
"166",491,"ANGERS","MAINE ET LOIRE",45758,10438,9110,10182,21252,96740,21410,10582,288,4862,20703,154585,0,"49",c(431774.059818519, 6715112.31758726)
"167",483,"MENDE","LOZERE",51494,1379,246,662,20898,74679,13976,18,3130,60072,25828,177703,642,"48",c(739003.526865635, 6381880.04388113)
"168",482,"MARVEJOLS","LOZERE",52721,1717,352,811,28044,83645,28000,146,2145,31843,24656,170435,10,"48",c(722858.601517442, 6384022.10850098)
"169",481,"FLORAC","LOZERE",22749,1067,236,655,9052,33759,13582,871,26800,69976,23848,168836,0,"48",c(749991.470282343, 6357962.18945281)
"170",474,"VILLENEUVE","LOT ET GARONNE",55296,4731,2383,5382,21366,89158,13160,17856,1814,2762,29716,154466,10,"47",c(520757.199334005, 6371361.93035913)
"171",473,"NERAC","LOT ET GARONNE",31236,1966,1387,3768,16083,54440,6740,13124,324,20366,43826,138820,1850,"47",c(487752.760736619, 6340776.41366553)
"172",472,"MARMANDE","LOT ET GARONNE",46744,3122,4755,6308,18625,79554,14600,22850,155,1789,21959,140907,22,"47",c(474973.675360197, 6382071.95183963)
"173",471,"AGEN","LOT ET GARONNE",39084,3919,2795,6730,16230,68758,7300,12962,2021,1418,8744,101203,2,"47",c(510626.026344358, 6347507.3920565)
"174",463,"GOURDON","LOT",54730,5290,1261,1739,10434,73454,6222,11660,6263,19861,31147,148607,32,"46",c(571076.746789958, 6405670.60522262)
"175",462,"FIGEAC","LOT",42119,4139,1460,1641,15807,65166,13285,8338,26424,19949,23006,156168,4,"46",c(622482.41609824, 6390213.95343239)
"176",461,"CAHORS","LOT",72048,6558,2072,2618,15756,99052,5208,36098,1489,20775,53776,216398,83,"46",c(575808.833238982, 6374277.36341667)
"177",454,"PITHIVIERS","LOIRET",56379,2449,2037,16574,18699,96138,1785,8812,0,490,13019,120244,0,"45",c(644264.100117099, 6786947.07309976)
"178",453,"ORLEANS","LOIRET",70601,5521,2644,22922,26997,128685,9929,21743,165,15836,65698,242056,288,"45",c(618681.099026937, 6753116.31816786)
"179",452,"MONTARGIS","LOIRET",63356,3005,2411,13457,35033,117262,8786,4694,7,1311,35599,167659,630,"45",c(680519.773387282, 6766633.68493716)
"180",451,"GIEN","LOIRET",55733,1876,2667,7966,24884,93126,7519,2605,184,8871,34854,147159,120,"45",c(675160.15596258, 6735286.46469642)
"181",445,"SAVENAY","LOIRE INFERIEURE",45211,3380,2341,2733,15194,68859,44165,2515,446,55243,46664,217892,5310,"44",c(328815.508608183, 6706442.43015627)
"182",444,"PAIMBOEUF","LOIRE INFERIEURE",25966,2250,1179,1640,16358,47393,12292,4086,0,3057,10042,76870,1105,"44",c(320256.235891459, 6699970.21740801)
"183",443,"NANTES","LOIRE INFERIEURE",49861,10103,4726,6825,18285,89800,28998,18617,1868,8426,26302,174011,3646,"44",c(355198.54247175, 6691948.0323527)
"184",442,"CHATEAUBRIANT","LOIRE INFERIEURE",41589,2000,1257,2922,19250,67018,19584,686,269,20598,31416,139571,37,"44",c(370945.005927315, 6744652.93921485)
"185",441,"ANCENIS","LOIRE INFERIEURE",27448,1783,1849,1775,18117,50972,11089,3679,49,1777,11547,79113,0,"44",c(385666.484360701, 6706260.34584903)
"186",433,"LE PUY","HAUTE LOIRE",66481,10750,500,1591,23769,103091,49756,895,200,25872,43823,223637,164,"43",c(770669.440733616, 6436963.64423105)
"187",432,"YSSINGEAUX","HAUTE LOIRE",30251,4477,512,106,13657,49003,23518,373,4,13832,28766,115496,14,"43",c(788402.51318226, 6448953.16095682)
"188",431,"BRIOUDE","HAUTE LOIRE",39557,5917,897,1744,28330,76445,18177,4361,60,18041,40008,157092,10,"43",c(730153.407408315, 6466455.27290641)
"189",423,"SAINT ETIENNE","LOIRE",22999,4641,1142,3257,9472,41511,24236,2594,446,7816,26842,103445,100,"42",c(806858.90937792, 6481443.88810456)
"190",422,"ROANNE","LOIRE",52649,4727,1423,3318,39808,101925,26906,6733,23,8533,34342,178462,32,"42",c(783491.297350955, 6549964.21115761)
"191",421,"MONTBRISON","LOIRE",66712,7081,2316,3282,28003,107394,32522,3346,93,15518,35182,194055,10,"42",c(783555.520852602, 6500798.33472489)
"192",413,"VENDOME","LOIR ET CHER",80545,1939,1740,15774,27754,127752,8974,3911,192,3909,26955,171693,15,"41",c(555127.112708346, 6746120.59847972)
"193",412,"ROMORANTIN","LOIR ET CHER",72519,1925,2529,946,35243,113162,9587,2290,565,45912,38659,210175,2855,"41",c(604679.837098512, 6697669.38804144)
"194",411,"BLOIS","LOIR ET CHER",101598,4042,2323,22211,27017,157191,9852,19391,31,11438,55321,253224,2324,"41",c(572591.248922151, 6721470.17951929)
"195",403,"SAINT SEVER","LANDES",42739,8886,3511,1708,7134,63978,6556,7806,1561,50551,40684,171136,1793,"40",c(413287.216080158, 6302641.9407426)
"196",402,"MONT DE MARSAN","LANDES",45212,1209,5269,365,5542,57597,9836,6578,687,273129,182040,529867,4474,"40",c(418771.65700907, 6316690.19770117)
"197",401,"DAX","LANDES",39033,2066,2943,660,1837,46539,11568,5752,1294,59476,106499,231128,3908,"40",c(372509.367811249, 6297703.08869868)
"198",394,"SAINT CLAUDE","JURA",13021,2231,205,7054,5831,28342,8967,78,61,28630,37701,103779,116,"39",c(921198.147713979, 6594017.46750122)
"199",393,"POLIGNY","JURA",23746,1307,1570,12310,6463,45396,12252,5147,154,8603,51764,123316,550,"39",c(907048.169883871, 6639789.49675315)
"200",392,"LONS LE SAUNIER","JURA",43809,5529,2216,6910,5351,63815,16693,9834,256,24736,39039,154373,451,"39",c(895459.865441635, 6622689.40527216)
"201",391,"DOLE","JURA",33592,2291,3508,3397,9482,52270,10164,4550,138,2146,48665,117933,130,"39",c(889856.700076886, 6666747.60450149)
"202",384,"VIENNE","ISERE",66758,6998,2370,14868,16895,107889,10354,5836,1208,4475,47710,177472,3100,"38",c(846771.85522353, 6493150.10510764)
"203",383,"LA TOUR DU PIN","ISERE",52214,4813,1154,5212,8623,72016,14954,2915,1967,7283,34042,133177,1715,"38",c(890729.256283163, 6500153.67312914)
"204",382,"SAINT-MARCELLIN","ISERE",27966,3664,1718,6073,6631,46052,9327,7485,1313,3169,39811,107157,159,"38",c(882023.292301176, 6453037.4352139)
"205",381,"GRENOBLE","ISERE",50640,6551,2969,12711,15039,87910,31886,9855,3542,95581,182354,411128,1608,"38",c(913234.132078441, 6457543.54134927)
"206",373,"TOURS","INDRE ET LOIRE",92221,7688,2809,12906,35928,151552,15100,21197,2895,12495,59049,262288,128,"37",c(526146.782817886, 6701866.36634155)
"207",372,"LOCHES","INDRE ET LOIRE",70783,4645,225,6204,30957,112814,8790,4258,0,23195,30777,179834,0,"37",c(546454.643201795, 6671084.34420182)
"208",371,"CHINON","INDRE ET LOIRE",53402,7701,3579,8578,19761,93021,9967,11430,216,11614,43000,169248,1120,"37",c(491226.550946826, 6677968.98657096)
"209",364,"ISSOUDUN","INDRE",50660,1178,916,6081,19561,78396,10162,5630,16,4610,19062,117876,350,"36",c(624523.401150227, 6649863.03778942)
"210",363,"LA CHATRE","INDRE",39065,2135,1953,4452,25565,73170,28399,2075,2475,8145,17800,132064,12,"36",c(576319.804179084, 6590932.9126607)
"211",362,"CHATEAUROUX","INDRE",79704,2232,2214,8747,40549,133446,26801,5683,126,26070,53402,245528,3385,"36",c(600120.867415407, 6634401.45959506)
"212",361,"LE BLANC","INDRE",50780,2084,2416,5029,30451,90760,24352,4451,23,25788,38688,184062,9736,"36",c(554320.369881144, 6616760.71022162)
"213",356,"VITRE","ILLE ET VILAINE",50712,1799,3188,4365,13896,73960,15847,0,486,7034,17520,114847,14,"35",c(387774.329718798, 6787203.15502956)
"214",355,"SAINT MALO","ILLE ET VILAINE",44293,3524,5774,4965,10310,68866,6087,0,404,6017,11547,92921,300,"35",c(331411.559961407, 6850147.19262377)
"215",354,"RENNES","ILLE ET VILAINE",65511,1830,3779,5283,12713,89116,16612,0,2362,12561,16935,137586,86,"35",c(351310.740587509, 6789857.9876466)
"216",353,"REDON","ILLE ET VILAINE",46430,2286,1381,632,4441,55170,14748,190,379,47493,14977,132957,415,"35",c(319034.9219472, 6740623.92142048)
"217",352,"MONTFORT","ILLE ET VILAINE",41799,612,1583,2706,11936,58636,7848,0,532,13225,14394,94635,1,"35",c(331350.127421747, 6792348.02727478)
"218",351,"FOUGERES","ILLE ET VILAINE",45559,1776,1889,7252,11702,68178,10730,0,200,8213,12316,99637,193,"35",c(389336.168650044, 6813909.13282967)
"219",344,"SAINT PONS","HERAULT",14462,1911,248,1653,10853,29127,5488,7566,7657,51851,20016,121705,0,"34",c(679750.148563741, 6264833.14020018)
"220",343,"MONTPELLIER","HERAULT",23639,875,800,5991,12163,43468,3687,29622,3847,55918,63173,199715,1014,"34",c(770594.620776403, 6279384.99029269)
"221",342,"LODEVE","HERAULT",16723,1094,367,2044,9799,30027,1396,16340,3092,53979,14964,119798,0,"34",c(723764.967885585, 6292330.33409185)
"222",341,"BEZIERS","HERAULT",32392,618,977,7228,18744,59959,1728,52957,10167,27019,26752,178582,960,"34",c(718999.144087245, 6249912.2334183)
"223",336,"LA REOLE","GIRONDE",23850,2007,907,2786,7486,37036,8984,18102,234,1539,15081,80976,0,"33",c(458370.198517238, 6392194.10800204)
"224",335,"LIBOURNE","GIRONDE",31678,7087,1741,4911,9893,55310,15510,35957,87,3932,18224,129020,0,"33",c(444930.774794582, 6428922.80586677)
"225",334,"LESPARRE","GIRONDE",19041,2400,814,1179,8755,32189,7859,12314,0,45580,22473,120415,2206,"33",c(392500.170351431, 6472112.75738741)
"226",333,"BORDEAUX","GIRONDE",28453,6572,4519,1589,9084,50217,17498,45212,663,194919,114987,423496,2150,"33",c(416923.441643191, 6424562.9191425)
"227",332,"BLAYE","GIRONDE",21170,3625,562,468,2376,28201,9481,17787,56,3295,12908,71728,210,"33",c(411822.481544543, 6454671.99131482)
"228",331,"BAZAS","GIRONDE",22997,1962,4612,1168,3032,33771,8959,8334,375,30202,66756,148397,125,"33",c(443987.471087728, 6376533.75024535)
"229",325,"MIRANDE","GERS",54410,2183,1793,5960,23470,87816,18550,24460,141,8107,30223,169297,600,"32",c(490173.94921767, 6272439.08145703)
"230",324,"LOMBEZ","GERS",30971,3461,1022,5987,12976,54417,5743,6757,0,1740,11103,79760,0,"32",c(529962.709249553, 6265039.8592477)
"231",323,"LECTOURE","GERS",39684,3662,1425,2822,13829,61422,10236,12379,6,1628,12841,98512,0,"32",c(511554.013782478, 6319023.37966499)
"232",322,"CONDOM","GERS",42263,2712,1864,2565,15008,64412,14703,30901,131,17282,22532,149961,558,"32",c(489626.043205055, 6321970.3625161)
"233",321,"AUCH","GERS",50029,2743,1536,3872,15150,73330,12347,20095,0,5107,19622,130501,0,"32",c(503750.126337502, 6287596.61745284)
"234",314,"VILLEFRANCHE","HAUTE GARONNE",45191,3213,842,8908,15951,74105,2987,5543,4,1159,9816,93614,0,"31",c(596149.883949385, 6257218.41468913)
"235",313,"TOULOUSE","HAUTE GARONNE",59353,6467,3192,10621,23075,102708,8347,21803,43,5143,21290,159334,0,"31",c(573428.484779387, 6279216.70532852)
"236",312,"SAINT GAUDENS","HAUTE GARONNE",47890,6807,2042,4134,20759,81632,24181,7685,2507,13146,83653,212804,0,"31",c(514774.05505093, 6227294.12927554)
"237",311,"MURET","HAUTE GARONNE",61167,5557,2234,9323,27554,105835,6609,16969,94,4196,29534,163237,0,"31",c(562216.671853663, 6261661.54405478)
"238",304,"LE VIGAN","GARD",10029,1644,180,2220,8443,22516,2463,4953,24331,43982,41970,140215,0,"30",c(750833.968511031, 6320559.28007564)
"239",303,"UZES","GARD",28491,3476,974,6631,12198,51770,1037,17660,7479,23885,46724,148555,36,"30",c(813508.302007311, 6326562.03189131)
"240",302,"NIMES","GARD",31076,1192,1055,8065,8398,49786,2323,44686,4816,36614,25428,163653,2400,"30",c(808020.790863314, 6304606.1509477)
"241",301,"ALES","GARD",8543,1405,356,2169,6540,19013,3208,10495,32215,16786,49416,131133,0,"30",c(787270.273628072, 6336824.30967854)
"242",295,"QUIMPERLE","FINISTERE",18331,827,399,143,7324,27024,4470,0,2634,28319,12625,75072,81,"29",c(210095.189825794, 6770957.97176233)
"243",294,"QUIMPER","FINISTERE",39461,3579,1184,1849,12500,58573,8244,0,946,58953,13272,139988,1448,"29",c(171388.170027501, 6790195.67048678)
"244",293,"MORLAIX","FINISTERE",37929,8406,3243,5804,10171,65553,8615,0,222,38063,20029,132482,1601,"29",c(197621.311709018, 6854701.67110953)
"245",292,"CHATEAULIN","FINISTERE",50750,3112,896,3029,15011,72798,12200,0,391,75120,22677,183186,4550,"29",c(174955.769985286, 6812647.78461827)
"246",291,"BREST","FINISTERE",42516,9390,1284,4714,7681,65585,6922,0,271,48288,20377,141443,1952,"29",c(145827.807545495, 6838348.75466744)
"247",284,"NOGENT LE ROTROU","EURE ET LOIR",31699,372,981,12139,14284,59475,6528,52,5,1363,15303,82726,174,"28",c(537462.019580427, 6804410.30945229)
"248",283,"DREUX","EURE ET LOIR",57961,2310,2129,25939,19838,108177,4106,1775,44,1932,34914,150948,0,"28",c(579263.67582557, 6851042.8654074)
"249",282,"CHATEAUDUN","EURE ET LOIR",78607,1663,1365,22690,19026,123351,4050,662,53,1520,14969,144605,1037,"28",c(574937.608863669, 6775932.34730068)
"250",281,"CHARTRES","EURE ET LOIR",118153,4923,2561,39031,21284,185952,2919,1829,141,991,17319,209151,50,"28",c(589423.437039841, 6817472.1666639)
"251",275,"PONT AUDEMER","EURE",28077,4124,3680,6095,9874,51850,9323,0,10925,3064,17723,92885,1475,"27",c(520206.503698256, 6919266.74164667)
"252",274,"LOUVIERS","EURE",29567,4749,2376,5462,5620,47774,2289,161,2926,1509,23852,78511,3,"27",c(565672.784996742, 6903968.42048471)
"253",273,"EVREUX","EURE",83330,6376,3492,26808,18612,138618,4773,832,10432,4627,51639,210921,12,"27",c(564004.074620126, 6881389.77600346)
"254",272,"BERNAY","EURE",38801,3529,2238,10643,14402,69613,4521,0,8209,2928,23847,109118,0,"27",c(524562.346063757, 6890598.26309082)
"255",271,"LES ANDELYS","EURE",40602,5508,2376,14416,6919,69821,2628,143,3438,2219,26081,104330,70,"27",c(585226.929061295, 6905525.37239912)
"256",264,"VALENCE","DROME",64156,9787,3399,15800,13515,106657,7917,6209,1402,12089,53670,187944,1000,"26",c(851202.756144698, 6426746.23910879)
"257",263,"NYONS","DROME",21464,3531,766,4803,8904,39468,1324,3623,1046,35656,34917,116034,0,"26",c(869290.063562101, 6364440.35216701)
"258",262,"MONTELIMAR","DROME",29043,4458,1159,5514,6930,47104,2028,9925,309,13388,40481,113235,300,"26",c(838618.920063003, 6385468.10915005)
"259",261,"DIE","DROME",43614,4483,265,5994,20478,74834,5165,4481,204,64879,85379,234942,378,"26",c(888962.980233865, 6408675.62825285)
"260",254,"PONTARLIER","DOUBS",25033,2927,379,7235,3215,38789,26084,0,0,34329,29162,128364,280,"25",c(957121.42692608, 6651782.16169665)
"261",253,"MONTBELIARD","DOUBS",24114,3361,644,4928,3244,36291,23718,264,482,16780,30226,107761,229,"25",c(984627.820554531, 6719757.12913637)
"262",252,"BESANCON","DOUBS",32246,3340,1438,8019,4060,49103,20959,5992,1342,11445,50427,139268,679,"25",c(927736.323660087, 6688776.81681346)
"263",251,"BAUME LES DAMES","DOUBS",45286,3845,1204,9010,5603,64948,19375,1892,283,17282,43582,147362,254,"25",c(952275.154243647, 6699659.0557424)
"264",245,"SARLAT","DORDOGNE",43768,9154,1189,3383,5618,63112,9196,19453,22343,23017,57244,194365,2155,"24",c(557888.09128971, 6424599.12087658)
"265",244,"RIBERAC","DORDOGNE",36856,7878,1737,2337,7588,56396,13634,15058,3817,9145,48403,146453,54,"24",c(491357.206672806, 6463899.03490536)
"266",243,"PERIGUEUX","DORDOGNE",53259,10439,1282,1895,5013,71888,12076,23627,26133,12376,45644,191744,0,"24",c(520230.57302581, 6457560.40790766)
"267",242,"NONTRON","DORDOGNE",33744,8239,1219,2887,7611,53700,21340,9757,25688,20494,34991,165970,207,"24",c(519132.40180642, 6495345.32645905)
"268",241,"BERGERAC","DORDOGNE",65120,8027,1425,3996,18553,97121,15931,28406,7842,12810,57614,219724,0,"24",c(501589.848022363, 6420125.77704092)
"269",234,"GUERET","CREUSE",44796,5356,1745,163,30403,82463,43280,0,3896,16882,20174,166695,159,"23",c(612839.413786973, 6562698.78274738)
"270",233,"BOUSSAC","CREUSE",30865,2179,557,370,23086,57057,20929,0,834,4329,12336,95485,0,"23",c(640139.482489466, 6583437.0075981)
"271",232,"BOURGANEUF","CREUSE",15671,1672,648,230,10369,28590,18963,0,4326,22356,16358,90593,681,"23",c(602906.682696915, 6539381.01285988)
"272",231,"AUBUSSON","CREUSE",54324,6125,1462,427,33368,95706,42958,0,106,42085,23202,204057,845,"23",c(635711.150152202, 6538948.2407224)
"273",225,"SAINT BRIEUC","COTES DU NORD",62545,5947,2810,4737,27044,103083,9726,0,2934,18601,12862,147206,115,"22",c(274520.111432261, 6838935.59750077)
"274",224,"LOUDEAC","COTES DU NORD",42887,2872,2597,2919,13215,64490,13641,0,0,41619,16902,136652,0,"22",c(273380.649591675, 6801450.95536948)
"275",223,"LANNION","COTES DU NORD",34905,4516,4119,4031,13906,61477,6121,0,140,8886,13974,90598,260,"22",c(224812.928977168, 6868953.86814451)
"276",222,"GUINGAMP","COTES DU NORD",50900,1915,2241,4790,41847,101693,18685,0,2430,33621,16580,173009,1462,"22",c(246405.955828777, 6846635.56939469)
"277",221,"DINAN","COTES DU NORD",60151,2160,2784,6824,24812,96731,8796,0,163,14602,20805,141097,600,"22",c(326561.976275026, 6828267.31491138)
"278",214,"SEMUR","COTE D'OR",67004,3853,2972,6966,18100,98895,16683,3602,962,4593,38334,163069,120,"21",c(797339.269032, 6706190.20119809)
"279",213,"DIJON","COTE D'OR",104232,9144,7510,17004,21237,159127,17246,7880,721,5701,110646,301321,220,"21",c(853454.019795917, 6694371.69859477)
"280",212,"CHATILLON SUR SEINE","COTE D'OR",65261,6858,1631,12045,19335,105130,5747,4191,303,3349,78752,197472,491,"21",c(818290.224514612, 6752174.48587075)
"281",211,"BEAUNE","COTE D'OR",67103,5784,4757,8425,19169,105238,23951,14138,378,9277,61272,214254,11,"21",c(839891.555357228, 6660183.78265614)
"282",205,"SARTENE","CORSE",15344,224,471,0,13938,29977,131,1449,2331,32950,117496,184334,95,"2A",c(1195626.86789832, 6071272.21369468)
"283",204,"CORTE","CORSE",16820,337,230,45,11348,28780,355,1618,11165,46186,160403,248507,200,"2B",c(1201038.018554, 6149662.17713352)
"284",203,"CALVI","CORSE",5132,63,165,15,4397,9772,165,620,3333,35229,51174,100293,29,"2B",c(1173418.10574508, 6178392.83238196)
"285",202,"BASTIA","CORSE",22707,747,612,945,9901,34912,228,8462,20912,55396,16299,136209,805,"2B",c(1226545.82039964, 6197706.07451465)
"286",201,"AJACCIO","CORSE",16071,1684,311,220,5511,23797,722,1499,3007,81396,94981,205402,130,"2A",c(1173918.90811091, 6108475.53098529)
"287",193,"USSEL","CORREZE",38970,2578,313,529,14590,56980,18697,0,1586,72073,28176,177512,1946,"19",c(644918.179775019, 6495158.03174844)
"288",192,"TULLE","CORREZE",59124,4049,1532,218,20693,85616,32380,1349,42994,76037,18364,256740,6966,"19",c(603255.050082601, 6463994.67577571)
"289",191,"BRIVE","CORREZE",38832,6902,1247,948,8668,56597,22069,15391,27335,13242,17723,152357,244,"19",c(583245.519517777, 6450621.42610014)
"290",183,"SANCERRE","CHER",61661,2220,2720,19312,37032,122945,32162,2571,112,9351,41268,208409,419,"18",c(686555.742053837, 6691623.38711373)
"291",182,"SAINT AMAND","CHER",57353,2900,2102,28439,39589,130383,63069,993,816,2990,67326,265577,537,"18",c(663088.064228719, 6624945.52902042)
"292",181,"BOURGES","CHER",84289,3620,2258,22143,35074,147384,35299,7150,57,3509,52549,245948,237,"18",c(654345.384009811, 6664368.31994681)
"293",176,"SAINT JEAN D'ANGELY","CHARENTE INFERIEURE",50813,4112,1299,5043,17394,78661,11077,29275,0,1560,19646,140219,1730,"17",c(427478.822978738, 6544239.37467319)
"294",175,"SAINTES","CHARENTE INFERIEURE",59633,4223,1362,5525,9079,79822,14391,29470,40,3650,28058,155431,1966,"17",c(416655.703063288, 6522831.23801347)
"295",174,"ROCHEFORT","CHARENTE INFERIEURE",26892,1565,923,1358,6833,37571,14167,12451,0,375,9644,74208,1601,"17",c(392227.087699623, 6546168.97515387)
"296",173,"LA ROCHELLE","CHARENTE INFERIEURE",25769,1549,5448,3353,7780,43899,9972,17927,3,1123,8372,81296,2796,"17",c(377870.725588056, 6570996.22462719)
"297",172,"MARENNES","CHARENTE INFERIEURE",22524,2311,733,1200,10601,37369,13936,9954,6,7529,10267,79061,144,"17",c(384170.280248815, 6534048.11982545)
"298",171,"JONZAC","CHARENTE INFERIEURE",55818,8590,1477,2673,8361,76919,15929,16920,0,12120,30466,152354,60,"17",c(432423.458462212, 6488231.14721489)
"299",165,"RUFFEC","CHARENTE",36859,3807,1439,6472,4353,52930,6243,11103,1676,959,14078,86989,394,"16",c(483426.380010204, 6552568.56149898)
"300",164,"CONFOLENS","CHARENTE",47664,4187,1629,3492,12913,69885,28873,4950,6569,14380,16903,141560,0,"16",c(519309.186749759, 6549867.6489423)
"301",163,"COGNAC","CHARENTE",22790,3387,616,1991,1867,30651,7126,23461,0,1191,9087,71516,1111,"16",c(440343.679998721, 6516202.89984476)
"302",162,"BARBEZIEUX","CHARENTE",30658,7581,796,4216,4850,48101,10943,11295,21,5771,22658,98789,200,"16",c(453557.170957225, 6491773.9984524)
"303",161,"ANGOULEME","CHARENTE",52317,10620,1840,8778,6785,80340,16168,46616,2005,6342,43913,195384,40,"16",c(477669.398080916, 6509159.47431934)
"304",154,"SAINT FLOUR","CANTAL",41233,1367,476,480,22225,65781,55395,117,151,20975,23930,166349,60,"15",c(705749.776322143, 6436209.3621293)
"305",153,"MURAT","CANTAL",11590,650,269,165,4821,17495,50605,0,12,6584,10628,85324,135,"15",c(688214.040474126, 6447157.56553842)
"306",152,"MAURIAC","CANTAL",23557,1211,796,335,10780,36679,58515,0,633,9541,22870,128238,938,"15",c(646698.997139285, 6458181.723946)
"307",151,"AURILLAC","CANTAL",30485,1581,1244,655,21402,55367,60695,236,12942,36204,28792,194236,1264,"15",c(655942.324123233, 6425589.12036547)
"308",146,"VIRE","CALVADOS",41949,1101,3335,12541,6085,65011,12166,0,5121,2736,10590,95624,37,"14",c(415957.359593641, 6864721.44635055)
"309",145,"PONT L'EVEQUE","CALVADOS",12560,1464,876,1930,7149,23979,28548,0,11084,1180,12494,77285,0,"14",c(495063.963532068, 6913753.79714954)
"310",144,"LISIEUX","CALVADOS",21109,1403,900,1427,8651,33490,26965,0,15105,1522,11911,88993,45,"14",c(498850.616015231, 6897726.01002047)
"311",143,"FALAISE","CALVADOS",43156,2087,4557,8643,6133,64576,7002,0,390,2347,12733,87048,271,"14",c(465999.584418615, 6871241.74942703)
"312",142,"CAEN","CALVADOS",40374,2425,18539,16830,5213,83381,12875,0,113,1949,9840,108211,156,"14",c(454201.620953413, 6903567.22402962)
"313",141,"BAYEUX","CALVADOS",28587,2072,8923,5582,1693,46857,33657,0,0,1580,12818,94912,1300,"14",c(430691.269766795, 6914931.68826371)
"314",133,"MARSEILLE","BOUCHES DU RHONE",7384,2421,711,526,1621,12663,759,10986,1366,15125,24906,65805,0,"13",c(893321.031163337, 6245261.56490201)
"315",132,"Aix-en-Provence","BOUCHES DU RHONE",31335,3664,2371,3362,11229,51961,1985,24879,23921,70776,41770,215292,1262,"13",c(893054.26842171, 6273688.96671256)
"316",131,"ARLES","BOUCHES DU RHONE",26257,2230,6691,3904,16449,55531,4674,8899,10292,59577,90417,229390,12309,"13",c(833493.086271593, 6273121.40395923)
"317",125,"VILLEFRANCHE","AVEYRON",34074,6044,1415,1871,22583,65987,12282,6891,14894,10822,18224,129100,0,"12",c(622643.778454319, 6361371.92815781)
"318",124,"SAINT AFFRIQUE","AVEYRON",27983,4008,533,7055,25679,65258,17318,3011,6152,44065,35479,171283,0,"12",c(688224.902319494, 6317577.3034553)
"319",123,"RODEZ","AVEYRON",47099,8279,1554,1564,44306,102802,30460,3755,22759,40668,26578,227022,18,"12",c(665720.798055159, 6362323.05142787)
"320",122,"MILLAU","AVEYRON",39656,4895,550,7361,17785,70247,39329,2757,4713,50030,25954,193030,30,"12",c(709415.995028747, 6333251.07166881)
"321",121,"ESPALION","AVEYRON",25326,2273,518,1130,20917,50164,35957,2973,12760,27378,24666,153898,2850,"12",c(681116.569110192, 6380032.09890295)
"322",114,"NARBONNE","AUDE",36970,2351,310,4267,8189,52087,1889,30857,725,53179,18322,157059,1904,"11",c(702735.160586462, 6227784.20219903)
"323",113,"LIMOUX","AUDE",33441,5100,919,11576,20010,71046,5662,9794,142,50639,44727,182010,0,"11",c(638448.14523396, 6216637.10068375)
"324",112,"CASTELNAUDARY","AUDE",40622,2051,547,6611,9256,59087,1690,4758,8,11044,13183,89770,0,"11",c(615698.294549637, 6247326.00358667)
"325",111,"CARCASSONNE","AUDE",52609,3855,728,8559,27561,93312,4569,18119,1511,60594,24380,202485,0,"11",c(647068.613365668, 6234505.54303574)
"326",105,"TROYES","AUBE",65599,3478,2542,11843,17571,101033,12060,4280,772,1685,37114,156944,158,"10",c(779809.780043983, 6799662.77635158)
"327",104,"NOGENT SUR SEINE","AUBE",44461,1278,1177,8214,15983,71113,6846,992,29,949,9828,89757,96,"10",c(736518.115055897, 6822063.99267002)
"328",103,"BAR SUR SEINE","AUBE",42896,1885,1087,7247,14509,67624,4796,12083,201,7267,31173,123144,0,"10",c(802595.69753555, 6780232.22279445)
"329",102,"BAR SUR AUBE","AUBE",32750,1107,2019,7098,11971,54945,8460,5037,143,2981,32887,104453,0,"10",c(827450.3740436, 6793902.52843371)
"330",101,"ARCIS SUR AUBE","AUBE",72593,2733,1041,10602,22234,109203,6867,520,2080,55,7116,125841,43,"10",c(784193.536389486, 6825859.15435969)
"331",93,"SAINT GIRONS","ARIEGE",17844,5069,1345,4219,4548,33025,20302,1891,646,46472,47737,150073,11,"09",c(549688.046981014, 6209388.8696646)
"332",92,"PAMIERS","ARIEGE",43576,6262,1239,7024,16291,74392,3415,9217,57,13662,28109,128852,0,"09",c(587366.440785202, 6226379.80787953)
"333",91,"FOIX","ARIEGE",26697,8778,953,1563,8192,46183,12172,1645,26,69293,81143,210462,0,"09",c(586422.487942328, 6208859.43782454)
"334",85,"VOUZIERS","ARDENNES",56059,2743,1281,12592,18625,91300,12362,869,1950,1837,30773,139091,383,"08",c(823907.874351168, 6925777.35636062)
"335",84,"SEDAN","ARDENNES",25873,1695,1052,7644,6812,43076,8836,95,254,1384,26186,79831,187,"08",c(839082.47101644, 6957280.51243364)
"336",83,"ROCROI","ARDENNES",14169,1509,568,5261,5936,27443,12446,0,818,4218,38651,83576,334,"08",c(811727.858215069, 6982106.02447551)
"337",82,"RETHEL","ARDENNES",49486,1768,6632,19110,18868,95864,7035,640,2208,743,15818,122308,136,"08",c(800072.779897278, 6935916.47868268)
"338",81,"MEZIERES","ARDENNES",26252,2259,966,5808,7499,42784,10569,0,646,1752,42732,98483,299,"08",c(824704.321071959, 6965953.84183613)
"339",73,"TOURNON","ARDECHE",33674,9967,972,2540,11882,59035,18018,6102,18753,36556,47113,185577,601,"07",c(842919.182237626, 6440992.96406935)
"340",72,"PRIVAS","ARDECHE",25054,5233,505,2318,15307,48417,8480,9620,15874,47720,44262,174373,0,"07",c(826293.548340668, 6403750.48157138)
"341",71,"L'ARGENTIERE","ARDECHE",15763,3549,345,308,11068,31033,16560,13923,29675,60715,40809,192715,300,"07",c(803165.592201387, 6382140.46320834)
"342",53,"GAP","HAUTES ALPES",32398,2329,366,6079,24651,65823,14490,3058,1830,70670,93586,249457,834,"05",c(943001.330566164, 6391446.78683448)
"343",52,"EMBRUN","HAUTES ALPES",7492,705,212,2196,6148,16753,20120,1873,70,62454,44253,145523,191,"05",c(975788.855021198, 6392904.71410467)
"344",51,"BRIANCON","HAUTES ALPES",5155,693,97,434,3153,9532,29380,257,8,63522,61282,163981,31,"05",c(988314.968564912, 6428928.1715934)
"345",45,"SISTERON","BASSES ALPES",16137,557,108,1338,9064,27204,3216,2619,72,38082,33279,104472,2,"04",c(933937.059620592, 6348813.79211882)
"346",44,"FORCALQUIER","BASSES ALPES",16656,2595,90,1130,13278,33749,1597,4792,1635,30524,34894,107191,15,"04",c(923427.545745655, 6321628.00405599)
"347",43,"DIGNE","BASSES ALPES",31352,3673,269,5401,20089,60784,3343,5750,655,112520,56022,239074,0,"04",c(960081.527607722, 6339229.61711125)
"348",42,"CASTELLANE","BASSES ALPES",17985,976,64,1871,8071,28967,4155,997,1158,64070,30180,129527,0,"04",c(980339.299565373, 6311689.9923069)
"349",41,"BARCELONNETTE","BASSES ALPES",5034,305,76,1592,3725,10732,21155,162,6,50775,32324,115154,0,"04",c(990428.192025133, 6370713.9861575)
"350",34,"LAPALISSE","ALLIER",64370,6342,1289,7163,26408,105572,16755,4081,147,5150,30286,161991,124,"03",c(749703.977593785, 6573694.58617643)
"351",33,"MOULINS","ALLIER",80116,3588,2471,7687,64239,158101,27036,3996,186,9175,59352,257846,352,"03",c(724935.387872515, 6606614.81466955)
"352",32,"MONTLUCON","ALLIER",84375,3621,1520,2919,56760,149195,20138,3703,576,3120,32182,208914,843,"03",c(669851.074155571, 6582617.10615261)
"353",31,"GANNAT","ALLIER",41006,3432,1264,9672,13058,68432,4509,5249,247,1680,21969,102086,22,"03",c(713194.900725317, 6555493.23383124)
"354",25,"VERVINS","AISNE",49632,5081,6852,12649,9297,83511,19222,0,3386,537,32970,139626,0,"02",c(766418.604331743, 6971308.75303074)
"355",24,"SOISSONS","AISNE",45985,8828,6617,14858,9236,85524,4554,2576,639,2876,27966,124135,1007,"02",c(723499.393575063, 6919724.20397965)
"356",23,"SAINT QUENTIN","AISNE",49784,8366,8415,13932,4897,85394,2643,0,2094,1334,15812,107277,1017,"02",c(720081.725537522, 6972113.8427115)
"357",22,"LAON","AISNE",91883,13024,11237,22377,29248,167769,20187,3170,2006,4925,47532,245589,1127,"02",c(744360.667647311, 6941489.03914876)
"358",21,"CHATEAU THIERRY","AISNE",51666,2534,1461,12843,16191,84695,4971,3287,702,1748,23170,118573,204,"02",c(727658.468841444, 6884036.39765469)
"359",15,"TREVOUX","AIN",52063,4954,4425,4985,11707,78134,14924,4213,37,4579,46450,148337,30,"01",c(837201.347629152, 6539327.29188727)
"360",14,"NANTUA","AIN",19347,2262,437,2123,4439,28608,14759,1688,303,12307,35657,93322,173,"01",c(901251.462134458, 6564299.65885961)
"361",13,"GEX","AIN",6611,1069,546,2596,780,11602,8188,585,5,7064,13998,41442,114,"01",c(934390.219983365, 6588033.98585959)
"362",12,"BOURG","AIN",58528,7410,3706,5076,1668,76388,30692,4495,173,9319,44791,165858,24,"01",c(873230.308189976, 6569448.68120261)
"363",11,"BELLEY","AIN",40136,3298,1174,4610,5772,54990,15334,4483,63,14613,41455,130938,76,"01",c(909328.658820046, 6519503.38951252)
